Country Name,Country Code,Indicator Name,Indicator Code,2019,2020,2021
Aruba,ABW,Population density (people per sq. km of land area),EN.POP.DNST,591.3444444,592.1388889,591.8722222
Africa Eastern and Southern,AFE,Population density (people per sq. km of land area),EN.POP.DNST,44.94692958,46.15081314,47.35418253
Afghanistan,AFG,Population density (people per sq. km of land area),EN.POP.DNST,57.90825169,59.75228064,61.48055441
Africa Western and Central,AFW,Population density (people per sq. km of land area),EN.POP.DNST,50.22298387,51.53667929,52.86291254
Angola,AGO,Population density (people per sq. km of land area),EN.POP.DNST,25.95138205,26.81357664,27.67608406
Albania,ALB,Population density (people per sq. km of land area),EN.POP.DNST,104.1675547,103.5711314,102.6155474
Andorra,AND,Population density (people per sq. km of land area),EN.POP.DNST,162.4319149,165.3191489,168.1574468
Arab World,ARB,Population density (people per sq. km of land area),EN.POP.DNST,33.69842802,34.29079926,34.84742727
United Arab Emirates,ARE,Population density (people per sq. km of land area),EN.POP.DNST,129.7051112,130.7700507,131.8663053
Argentina,ARG,Population density (people per sq. km of land area),EN.POP.DNST,16.42082662,16.58089261,16.73874169
Armenia,ARM,Population density (people per sq. km of land area),EN.POP.DNST,99.07277836,98.54611872,98.03210397
American Samoa,ASM,Population density (people per sq. km of land area),EN.POP.DNST,236.605,230.945,225.175
Antigua and Barbuda,ATG,Population density (people per sq. km of land area),EN.POP.DNST,209.3568182,210.6,211.8613636
Australia,AUS,Population density (people per sq. km of land area),EN.POP.DNST,3.294351419,3.335312311,3.33957517
Austria,AUT,Population density (people per sq. km of land area),EN.POP.DNST,107.6093068,108.0570044,108.5288051
Azerbaijan,AZE,Population density (people per sq. km of land area),EN.POP.DNST,121.2800711,122.1247368,122.6588022
Burundi,BDI,Population density (people per sq. km of land area),EN.POP.DNST,462.41581,475.8655374,488.7544003
Belgium,BEL,Population density (people per sq. km of land area),EN.POP.DNST,379.4247028,381.0635403,382.8583884
Benin,BEN,Population density (people per sq. km of land area),EN.POP.DNST,108.9964881,112.1241841,115.2615733
Burkina Faso,BFA,Population density (people per sq. km of land area),EN.POP.DNST,76.57762792,78.66456871,80.77735015
Bangladesh,BGD,Population density (people per sq. km of land area),EN.POP.DNST,1271.538926,1286.171553,1301.039034
Bulgaria,BGR,Population density (people per sq. km of land area),EN.POP.DNST,64.25719418,63.87265107,63.35430177
Bahrain,BHR,Population density (people per sq. km of land area),EN.POP.DNST,1915.625641,1882.126115,1852.234177
"Bahamas, The",BHS,Population density (people per sq. km of land area),EN.POP.DNST,40.41528472,40.60649351,40.74985015
Bosnia and Herzegovina,BIH,Population density (people per sq. km of land area),EN.POP.DNST,65.63888672,64.81263672,63.88560547
Belarus,BLR,Population density (people per sq. km of land area),EN.POP.DNST,46.41075062,46.21121293,45.83683173
Belize,BLZ,Population density (people per sq. km of land area),EN.POP.DNST,17.05808856,17.31350285,17.5375274
Bermuda,BMU,Population density (people per sq. km of land area),EN.POP.DNST,1183.537037,1183.203704,1180.814815
Bolivia,BOL,Population density (people per sq. km of land area),EN.POP.DNST,10.87170221,11.01833472,11.15062494
Brazil,BRA,Population density (people per sq. km of land area),EN.POP.DNST,25.33851766,25.50762538,25.64281323
Barbados,BRB,Population density (people per sq. km of land area),EN.POP.DNST,651.5813953,652.7744186,653.9534884
Brunei Darussalam,BRN,Population density (people per sq. km of land area),EN.POP.DNST,83.12106262,83.81878558,84.51100569
Bhutan,BTN,Population density (people per sq. km of land area),EN.POP.DNST,20.12215522,20.25448348,20.38505506
Botswana,BWA,Population density (people per sq. km of land area),EN.POP.DNST,4.410745858,4.493148413,4.567294832
Central African Republic,CAF,Population density (people per sq. km of land area),EN.POP.DNST,8.361944204,8.576551414,8.759757938
Canada,CAN,Population density (people per sq. km of land area),EN.POP.DNST,4.193949311,4.23922642,4.349505388
Central Europe and the Baltics,CEB,Population density (people per sq. km of land area),EN.POP.DNST,92.66895471,92.47028789,91.77854252
Switzerland,CHE,Population density (people per sq. km of land area),EN.POP.DNST,217.0427817,218.6344696,220.285662
Channel Islands,CHI,Population density (people per sq. km of land area),EN.POP.DNST,855.6060606,864.2070707,872.1363636
Chile,CHL,Population density (people per sq. km of land area),EN.POP.DNST,25.60681316,25.95761178,26.21700747
China,CHN,Population density (people per sq. km of land area),EN.POP.DNST,149.9481797,150.3055428,150.4397537
Cote d'Ivoire,CIV,Population density (people per sq. km of land area),EN.POP.DNST,82.22500314,84.31380503,86.40958805
Cameroon,CMR,Population density (people per sq. km of land area),EN.POP.DNST,54.54156036,56.04088553,57.53766157
"Congo, Dem. Rep.",COD,Population density (people per sq. km of land area),EN.POP.DNST,39.65809753,40.95770451,42.29907501
"Congo, Rep.",COG,Population density (people per sq. km of land area),EN.POP.DNST,16.31254173,16.69743485,17.08874378
Colombia,COL,Population density (people per sq. km of land area),EN.POP.DNST,45.23425507,45.90415683,46.43223254
Comoros,COM,Population density (people per sq. km of land area),EN.POP.DNST,425.0327781,433.189683,441.4965073
Cabo Verde,CPV,Population density (people per sq. km of land area),EN.POP.DNST,143.1836228,144.5756824,145.8870968
Costa Rica,CRI,Population density (people per sq. km of land area),EN.POP.DNST,99.57955347,100.334998,100.9392284
Caribbean small states,CSS,Population density (people per sq. km of land area),EN.POP.DNST,18.33790787,18.38895393,18.48061504
Cuba,CUB,Population density (people per sq. km of land area),EN.POP.DNST,109.0240559,108.8699229,108.4428902
Curacao,CUW,Population density (people per sq. km of land area),EN.POP.DNST,354.5968468,348.9797297,343.1734234
Cayman Islands,CYM,Population density (people per sq. km of land area),EN.POP.DNST,275.5583333,280.4625,283.9
Cyprus,CYP,Population density (people per sq. km of land area),EN.POP.DNST,132.9909091,133.9325758,134.652381
Czechia,CZE,Population density (people per sq. km of land area),EN.POP.DNST,138.2268103,138.5759288,136.1083491
Germany,DEU,Population density (people per sq. km of land area),EN.POP.DNST,237.8229543,238.0173188,238.1180858
Djibouti,DJI,Population density (people per sq. km of land area),EN.POP.DNST,46.33278689,47.03002588,47.69443486
Dominica,DMA,Population density (people per sq. km of land area),EN.POP.DNST,95.23733333,95.99333333,96.54933333
Denmark,DNK,Population density (people per sq. km of land area),EN.POP.DNST,145.36055,145.7851,146.418325
Dominican Republic,DOM,Population density (people per sq. km of land area),EN.POP.DNST,228.9428373,231.4208411,233.9078286
Algeria,DZA,Population density (people per sq. km of land area),EN.POP.DNST,17.93031568,18.24365706,18.54860331
East Asia & Pacific (excluding high income),EAP,Population density (people per sq. km of land area),EN.POP.DNST,131.7621849,132.3850799,132.7137416
Early-demographic dividend,EAR,Population density (people per sq. km of land area),EN.POP.DNST,100.1345822,101.3253382,102.3825226
East Asia & Pacific,EAS,Population density (people per sq. km of land area),EN.POP.DNST,96.19695991,96.60801415,96.80415288
Europe & Central Asia (excluding high income),ECA,Population density (people per sq. km of land area),EN.POP.DNST,17.84178647,17.8988477,17.93120575
Europe & Central Asia,ECS,Population density (people per sq. km of land area),EN.POP.DNST,33.5649771,33.64012113,33.65137851
Ecuador,ECU,Population density (people per sq. km of land area),EN.POP.DNST,69.83306491,70.81895233,71.66104445
"Egypt, Arab Rep.",EGY,Population density (people per sq. km of land area),EN.POP.DNST,106.1014325,107.9563353,109.7615932
Euro area,EMU,Population density (people per sq. km of land area),EN.POP.DNST,127.7819439,127.9538718,128.0031589
Eritrea,ERI,Population density (people per sq. km of land area),EN.POP.DNST,28.89661565,29.37742603,29.90984141
Spain,ESP,Population density (people per sq. km of land area),EN.POP.DNST,94.3508089,94.81538375,94.88212075
Estonia,EST,Population density (people per sq. km of land area),EN.POP.DNST,31.03854971,31.09992982,31.13291228
Ethiopia,ETH,Population density (people per sq. km of land area),EN.POP.DNST,101.1195648,103.8400628,106.5799119
European Union,EUU,Population density (people per sq. km of land area),EN.POP.DNST,111.9414092,112.0225221,111.8905668
Fragile and conflict affected situations,FCS,Population density (people per sq. km of land area),EN.POP.DNST,46.82547221,47.90012753,48.97816765
Finland,FIN,Population density (people per sq. km of land area),EN.POP.DNST,18.16736091,18.19287688,18.23016591
Fiji,FJI,Population density (people per sq. km of land area),EN.POP.DNST,50.27175698,50.37887247,50.60810071
France,FRA,Population density (people per sq. km of land area),EN.POP.DNST,123.0702941,123.4046994,123.7307385
Faroe Islands,FRO,Population density (people per sq. km of land area),EN.POP.DNST,37.02077364,38.37115666,38.60510949
"Micronesia, Fed. Sts.",FSM,Population density (people per sq. km of land area),EN.POP.DNST,159.1128571,160.1514286,161.6157143
Gabon,GAB,Population density (people per sq. km of land area),EN.POP.DNST,8.704098265,8.897322156,9.085958784
United Kingdom,GBR,Population density (people per sq. km of land area),EN.POP.DNST,276.2630802,277.2753854,277.0483198
Georgia,GEO,Population density (people per sq. km of land area),EN.POP.DNST,65.08556982,65.13027048,64.88348088
Ghana,GHA,Population density (people per sq. km of land area),EN.POP.DNST,138.5351587,141.4317967,144.3000839
Gibraltar,GIB,Population density (people per sq. km of land area),EN.POP.DNST,3268.5,3270.9,3266.9
Guinea,GIN,Population density (people per sq. km of land area),EN.POP.DNST,52.40737018,53.74065196,55.07042976
"Gambia, The",GMB,Population density (people per sq. km of land area),EN.POP.DNST,247.9133399,254.347332,260.8612648
Guinea-Bissau,GNB,Population density (people per sq. km of land area),EN.POP.DNST,70.07315078,71.68662873,73.28310811
Equatorial Guinea,GNQ,Population density (people per sq. km of land area),EN.POP.DNST,55.36652406,56.9001426,58.26973262
Greece,GRC,Population density (people per sq. km of land area),EN.POP.DNST,83.17751746,82.99921645,82.55408068
Grenada,GRD,Population density (people per sq. km of land area),EN.POP.DNST,360.9529412,363.7147059,366.5
Greenland,GRL,Population density (people per sq. km of land area),EN.POP.DNST,0.136983798,0.13732976,0.138026556
Guatemala,GTM,Population density (people per sq. km of land area),EN.POP.DNST,154.946118,157.3192703,159.6654162
Guam,GUM,Population density (people per sq. km of land area),EN.POP.DNST,312.2666667,313.3907407,315.8037037
Guyana,GUY,Population density (people per sq. km of land area),EN.POP.DNST,4.057673355,4.04979426,4.087208534
High income,HIC,Population density (people per sq. km of land area),EN.POP.DNST,34.89206875,35.03426038,35.19690716
"Hong Kong SAR, China",HKG,Population density (people per sq. km of land area),EN.POP.DNST,7150.380952,7124.761905,7060.095238
Honduras,HND,Population density (people per sq. km of land area),EN.POP.DNST,89.00553222,90.46173027,91.86115828
Heavily indebted poor countries (HIPC),HPC,Population density (people per sq. km of land area),EN.POP.DNST,42.02674478,43.2109697,44.40150197
Croatia,HRV,Population density (people per sq. km of land area),EN.POP.DNST,72.64050104,72.33166548,69.31736955
Haiti,HTI,Population density (people per sq. km of land area),EN.POP.DNST,404.9505806,410.2612845,415.3689768
Hungary,HUN,Population density (people per sq. km of land area),EN.POP.DNST,107.0692636,106.8392395,106.3981043
IBRD only,IBD,Population density (people per sq. km of land area),EN.POP.DNST,68.11251264,68.59475478,68.96712501
IDA & IBRD total,IBT,Population density (people per sq. km of land area),EN.POP.DNST,68.239446,69.00358139,69.69300444
IDA total,IDA,Population density (people per sq. km of land area),EN.POP.DNST,68.59850154,70.15997533,71.74663955
IDA blend,IDB,Population density (people per sq. km of land area),EN.POP.DNST,130.147127,132.8820119,135.7051749
Indonesia,IDN,Population density (people per sq. km of land area),EN.POP.DNST,143.5846338,144.7963882,144.6473804
IDA only,IDX,Population density (people per sq. km of land area),EN.POP.DNST,55.56436366,56.87700484,58.20180004
Isle of Man,IMN,Population density (people per sq. km of land area),EN.POP.DNST,147.2508772,147.4491228,147.8298246
India,IND,Population density (people per sq. km of land area),EN.POP.DNST,465.1946394,469.6595667,473.4187327
Not classified,INX,Population density (people per sq. km of land area),EN.POP.DNST,,,
Ireland,IRL,Population density (people per sq. km of land area),EN.POP.DNST,71.62636087,72.36728117,73.06089418
"Iran, Islamic Rep.",IRN,Population density (people per sq. km of land area),EN.POP.DNST,53.35235871,53.79981079,54.19009676
Iraq,IRQ,Population density (people per sq. km of land area),EN.POP.DNST,95.74024251,98.02865514,100.2782405
Iceland,ISL,Population density (people per sq. km of land area),EN.POP.DNST,3.575949618,3.634463949,3.694535357
Israel,ISR,Population density (people per sq. km of land area),EN.POP.DNST,418.3918669,425.836414,432.7495379
Italy,ITA,Population density (people per sq. km of land area),EN.POP.DNST,201.9805456,200.9991005,199.8859315
Jamaica,JAM,Population density (people per sq. km of land area),EN.POP.DNST,259.8128347,260.4280702,261.098338
Jordan,JOR,Population density (people per sq. km of land area),EN.POP.DNST,120.4888055,123.0794986,125.5521544
Japan,JPN,Population density (people per sq. km of land area),EN.POP.DNST,347.4156379,346.3950617,344.8054678
Kazakhstan,KAZ,Population density (people per sq. km of land area),EN.POP.DNST,6.85767789,6.947314887,7.038184984
Kenya,KEN,Population density (people per sq. km of land area),EN.POP.DNST,89.52357944,91.34093545,93.13282145
Kyrgyz Republic,KGZ,Population density (people per sq. km of land area),EN.POP.DNST,33.66110532,34.30604797,34.8894682
Cambodia,KHM,Population density (people per sq. km of land area),EN.POP.DNST,91.81818491,92.88953093,93.97814978
Kiribati,KIR,Population density (people per sq. km of land area),EN.POP.DNST,153.3839506,156.1271605,159.1037037
St. Kitts and Nevis,KNA,Population density (people per sq. km of land area),EN.POP.DNST,183.5076923,183.2384615,183.1
"Korea, Rep.",KOR,Population density (people per sq. km of land area),EN.POP.DNST,530.3772746,531.1090061,530.1729098
Kuwait,KWT,Population density (people per sq. km of land area),EN.POP.DNST,249.2199776,244.6938272,238.5024691
Latin America & Caribbean (excluding high income),LAC,Population density (people per sq. km of land area),EN.POP.DNST,32.48233542,32.77831328,33.02873126
Lao PDR,LAO,Population density (people per sq. km of land area),EN.POP.DNST,31.24806326,31.71316724,32.17095754
Lebanon,LBN,Population density (people per sq. km of land area),EN.POP.DNST,565.1913001,553.5604106,546.6892473
Liberia,LBR,Population density (people per sq. km of land area),EN.POP.DNST,51.75756852,52.81960133,53.91835548
Libya,LBY,Population density (people per sq. km of land area),EN.POP.DNST,3.733412142,3.781637246,3.827862396
St. Lucia,LCA,Population density (people per sq. km of land area),EN.POP.DNST,292.7590164,293.8311475,294.5098361
Latin America & Caribbean,LCN,Population density (people per sq. km of land area),EN.POP.DNST,32.20328032,32.46474002,32.68660735
Least developed countries: UN classification,LDC,Population density (people per sq. km of land area),EN.POP.DNST,51.38656492,52.63930013,53.90535305
Low income,LIC,Population density (people per sq. km of land area),EN.POP.DNST,43.99731646,45.23838615,46.47243147
Liechtenstein,LIE,Population density (people per sq. km of land area),EN.POP.DNST,240.5125,242.225,243.99375
Sri Lanka,LKA,Population density (people per sq. km of land area),EN.POP.DNST,352.4316946,354.3323634,358.1635952
Lower middle income,LMC,Population density (people per sq. km of land area),EN.POP.DNST,128.0612474,129.8049831,131.4758172
Low & middle income,LMY,Population density (people per sq. km of land area),EN.POP.DNST,69.1859577,69.97607758,70.69046993
Lesotho,LSO,Population density (people per sq. km of land area),EN.POP.DNST,73.31034256,74.24571805,75.14670619
Late-demographic dividend,LTE,Population density (people per sq. km of land area),EN.POP.DNST,51.86990341,52.04843585,52.1513776
Lithuania,LTU,Population density (people per sq. km of land area),EN.POP.DNST,44.6205206,44.63246567,44.73469094
Luxembourg,LUX,Population density (people per sq. km of land area),EN.POP.DNST,240.827591,244.8742649,248.6206816
Latvia,LVA,Population density (people per sq. km of land area),EN.POP.DNST,30.75549199,30.53911297,30.2826611
"Macao SAR, China",MAC,Population density (people per sq. km of land area),EN.POP.DNST,20171.82371,20555.71429,20806.27273
St. Martin (French part),MAF,Population density (people per sq. km of land area),EN.POP.DNST,662.42,651.06,638.96
Morocco,MAR,Population density (people per sq. km of land area),EN.POP.DNST,81.34530137,82.20652476,83.0754739
Monaco,MCO,Population density (people per sq. km of land area),EN.POP.DNST,18270.35027,18215.0962,17603.64683
Moldova,MDA,Population density (people per sq. km of land area),EN.POP.DNST,92.75609357,91.74732605,90.78345541
Madagascar,MDG,Population density (people per sq. km of land area),EN.POP.DNST,47.32405294,48.51353902,49.70033173
Maldives,MDV,Population density (people per sq. km of land area),EN.POP.DNST,1681.693333,1714.793333,1738.19
Middle East & North Africa,MEA,Population density (people per sq. km of land area),EN.POP.DNST,42.1857386,42.78880519,43.34161975
Mexico,MEX,Population density (people per sq. km of land area),EN.POP.DNST,64.34595077,64.81560843,65.17921654
Marshall Islands,MHL,Population density (people per sq. km of land area),EN.POP.DNST,248.4888889,241.1833333,233.6111111
Middle income,MIC,Population density (people per sq. km of land area),EN.POP.DNST,73.89505357,74.60103419,75.21740531
North Macedonia,MKD,Population density (people per sq. km of land area),EN.POP.DNST,82.34314036,82.17807296,81.88310864
Mali,MLI,Population density (people per sq. km of land area),EN.POP.DNST,16.85591916,17.39404519,17.95210828
Malta,MLT,Population density (people per sq. km of land area),EN.POP.DNST,1575.19375,1610.4125,1620.425
Myanmar,MMR,Population density (people per sq. km of land area),EN.POP.DNST,81.2627731,81.85330718,82.42769547
Middle East & North Africa (excluding high income),MNA,Population density (people per sq. km of land area),EN.POP.DNST,46.93303665,47.69167476,48.41396177
Montenegro,MNE,Population density (people per sq. km of land area),EN.POP.DNST,46.24743494,46.19375465,46.03799257
Mongolia,MNG,Population density (people per sq. km of land area),EN.POP.DNST,2.075718988,2.115133618,2.149449088
Northern Mariana Islands,MNP,Population density (people per sq. km of land area),EN.POP.DNST,108.3869565,107.7978261,107.5673913
Mozambique,MOZ,Population density (people per sq. km of land area),EN.POP.DNST,38.51267199,39.64780259,40.79080343
Mauritania,MRT,Population density (people per sq. km of land area),EN.POP.DNST,4.253273503,4.364610459,4.477514311
Mauritius,MUS,Population density (people per sq. km of land area),EN.POP.DNST,633.9434151,633.9579369,634.1181773
Malawi,MWI,Population density (people per sq. km of land area),EN.POP.DNST,200.1202482,205.5267395,210.9645948
Malaysia,MYS,Population density (people per sq. km of land area),EN.POP.DNST,99.84483336,101.0500472,102.1880201
North America,NAC,Population density (people per sq. km of land area),EN.POP.DNST,20.20613928,20.40419948,20.64664493
Namibia,NAM,Population density (people per sq. km of land area),EN.POP.DNST,2.971788799,3.023355075,3.073219643
New Caledonia,NCL,Population density (people per sq. km of land area),EN.POP.DNST,14.8380744,14.904814,15.02516411
Niger,NER,Population density (people per sq. km of land area),EN.POP.DNST,18.5074548,19.2102621,19.93583485
Nigeria,NGA,Population density (people per sq. km of land area),EN.POP.DNST,223.222649,228.737667,234.3086872
Nicaragua,NIC,Population density (people per sq. km of land area),EN.POP.DNST,55.37580189,56.14006149,56.92654147
Netherlands,NLD,Population density (people per sq. km of land area),EN.POP.DNST,515.1432729,518.013068,520.7319275
Norway,NOR,Population density (people per sq. km of land area),EN.POP.DNST,14.6479975,14.76721523,14.84700909
Nepal,NPL,Population density (people per sq. km of land area),EN.POP.DNST,201.1335612,204.7340565,209.5220719
Nauru,NRU,Population density (people per sq. km of land area),EN.POP.DNST,606.6,615.75,625.55
New Zealand,NZL,Population density (people per sq. km of land area),EN.POP.DNST,18.91003,19.33158634,19.41209981
OECD members,OED,Population density (people per sq. km of land area),EN.POP.DNST,38.38202943,38.58846365,38.84724338
Oman,OMN,Population density (people per sq. km of land area),EN.POP.DNST,14.8716252,14.67980291,14.60572213
Other small states,OSS,Population density (people per sq. km of land area),EN.POP.DNST,15.75438635,15.93942309,16.1002536
Pakistan,PAK,Population density (people per sq. km of land area),EN.POP.DNST,289.6602325,294.7238753,300.179168
Panama,PAN,Population density (people per sq. km of land area),EN.POP.DNST,57.05758965,57.89156107,58.65822324
Peru,PER,Population density (people per sq. km of land area),EN.POP.DNST,25.64442266,26.01934063,26.34021172
Philippines,PHL,Population density (people per sq. km of land area),EN.POP.DNST,370.1941979,376.2651407,381.9308717
Palau,PLW,Population density (people per sq. km of land area),EN.POP.DNST,38.94782609,39.06956522,39.1826087
Papua New Guinea,PNG,Population density (people per sq. km of land area),EN.POP.DNST,21.0716027,21.52903767,21.970227
Poland,POL,Population density (people per sq. km of land area),EN.POP.DNST,124.0255954,123.8005749,123.3163149
Pre-demographic dividend,PRE,Population density (people per sq. km of land area),EN.POP.DNST,47.14739616,48.46269902,49.78379646
Puerto Rico,PRI,Population density (people per sq. km of land area),EN.POP.DNST,360.0556933,369.9613303,367.834611
"Korea, Dem. People's Rep.",PRK,Population density (people per sq. km of land area),EN.POP.DNST,213.8978573,214.8282286,215.695615
Portugal,PRT,Population density (people per sq. km of land area),EN.POP.DNST,112.2885828,112.406676,112.7130547
Paraguay,PRY,Population density (people per sq. km of land area),EN.POP.DNST,16.43600805,16.65918701,16.8733929
West Bank and Gaza,PSE,Population density (people per sq. km of land area),EN.POP.DNST,778.2900332,797.8852159,817.0537759
Pacific island small states,PSS,Population density (people per sq. km of land area),EN.POP.DNST,39.53343726,40.01276695,40.56388153
Post-demographic dividend,PST,Population density (people per sq. km of land area),EN.POP.DNST,35.51675532,35.64889701,35.82288266
French Polynesia,PYF,Population density (people per sq. km of land area),EN.POP.DNST,86.34889081,86.98357822,87.5920484
Qatar,QAT,Population density (people per sq. km of land area),EN.POP.DNST,244.3198433,240.2423847,233.9630113
Romania,ROU,Population density (people per sq. km of land area),EN.POP.DNST,84.19527121,83.73283206,83.10100834
Russian Federation,RUS,Population density (people per sq. km of land area),EN.POP.DNST,8.817695994,8.797354989,8.759261446
Rwanda,RWA,Population density (people per sq. km of land area),EN.POP.DNST,520.2686664,532.8886096,545.6784759
South Asia,SAS,Population density (people per sq. km of land area),EN.POP.DNST,390.2620415,394.6507887,398.7135762
Saudi Arabia,SAU,Population density (people per sq. km of land area),EN.POP.DNST,16.66629235,16.7452549,16.72352572
Sudan,SDN,Population density (people per sq. km of land area),EN.POP.DNST,23.14351874,23.79041006,24.44175696
Senegal,SEN,Population density (people per sq. km of land area),EN.POP.DNST,83.10798837,85.36913728,87.6576118
Singapore,SGP,Population density (people per sq. km of land area),EN.POP.DNST,7965.878492,7918.951253,7595.495822
Solomon Islands,SLB,Population density (people per sq. km of land area),EN.POP.DNST,24.11550554,24.69421222,25.28942479
Sierra Leone,SLE,Population density (people per sq. km of land area),EN.POP.DNST,111.482793,114.0755057,116.661693
El Salvador,SLV,Population density (people per sq. km of land area),EN.POP.DNST,303.0992761,303.7032336,304.7377896
San Marino,SMR,Population density (people per sq. km of land area),EN.POP.DNST,569.6333333,566.7833333,562.4166667
Somalia,SOM,Population density (people per sq. km of land area),EN.POP.DNST,25.47470271,26.36053177,27.20308126
Serbia,SRB,Population density (people per sq. km of land area),EN.POP.DNST,79.41041619,82.04454751,81.27394458
Sub-Saharan Africa (excluding high income),SSA,Population density (people per sq. km of land area),EN.POP.DNST,46.94141182,48.18686459,49.43674455
South Sudan,SSD,Population density (people per sq. km of land area),EN.POP.DNST,16.53294827,16.78386372,17.00864336
Sub-Saharan Africa,SSF,Population density (people per sq. km of land area),EN.POP.DNST,46.94459428,48.19005812,49.43994733
Small states,SST,Population density (people per sq. km of land area),EN.POP.DNST,16.78271509,16.95360589,17.11324803
Sao Tome and Principe,STP,Population density (people per sq. km of land area),EN.POP.DNST,223.540625,227.7510417,232.403125
Suriname,SUR,Population density (people per sq. km of land area),EN.POP.DNST,3.848083333,3.891442308,3.929391026
Slovak Republic,SVK,Population density (people per sq. km of land area),EN.POP.DNST,113.4389975,113.5363353,113.2954867
Slovenia,SVN,Population density (people per sq. km of land area),EN.POP.DNST,103.7119346,104.4088814,104.6899644
Sweden,SWE,Population density (people per sq. km of land area),EN.POP.DNST,25.23766548,25.42072337,25.57385697
Eswatini,SWZ,Population density (people per sq. km of land area),EN.POP.DNST,68.00075581,68.64273256,69.3180814
Sint Maarten (Dutch part),SXM,Population density (people per sq. km of land area),EN.POP.DNST,1223.764706,1244.411765,1260.176471
Seychelles,SYC,Population density (people per sq. km of land area),EN.POP.DNST,212.2282609,214.0478261,215.7782609
Syrian Arab Republic,SYR,Population density (people per sq. km of land area),EN.POP.DNST,109.4497141,113.1220117,116.1268148
Turks and Caicos Islands,TCA,Population density (people per sq. km of land area),EN.POP.DNST,45.34736842,46.60631579,47.48842105
Chad,TCD,Population density (people per sq. km of land area),EN.POP.DNST,12.80723158,13.21847284,13.64337675
East Asia & Pacific (IDA & IBRD countries),TEA,Population density (people per sq. km of land area),EN.POP.DNST,131.1394378,131.7600186,132.0851995
Europe & Central Asia (IDA & IBRD countries),TEC,Population density (people per sq. km of land area),EN.POP.DNST,20.0532011,20.10081034,20.11208146
Togo,TGO,Population density (people per sq. km of land area),EN.POP.DNST,151.5553227,155.2230189,158.941515
Thailand,THA,Population density (people per sq. km of land area),EN.POP.DNST,139.5755701,139.9042142,140.1497446
Tajikistan,TJK,Population density (people per sq. km of land area),EN.POP.DNST,67.27432092,68.76004755,70.25047914
Turkmenistan,TKM,Population density (people per sq. km of land area),EN.POP.DNST,13.10497308,13.30078522,13.49531845
Latin America & the Caribbean (IDA & IBRD countries),TLA,Population density (people per sq. km of land area),EN.POP.DNST,31.61378378,31.87315673,32.09956057
Timor-Leste,TLS,Population density (people per sq. km of land area),EN.POP.DNST,86.10880968,87.42400807,88.83268325
Middle East & North Africa (IDA & IBRD countries),TMN,Population density (people per sq. km of land area),EN.POP.DNST,46.42279683,47.1682934,47.87726576
Tonga,TON,Population density (people per sq. km of land area),EN.POP.DNST,145.7652778,146.1861111,147.2458333
South Asia (IDA & IBRD),TSA,Population density (people per sq. km of land area),EN.POP.DNST,390.2620415,394.6507887,398.7135762
Sub-Saharan Africa (IDA & IBRD countries),TSS,Population density (people per sq. km of land area),EN.POP.DNST,46.94459428,48.19005812,49.43994733
Trinidad and Tobago,TTO,Population density (people per sq. km of land area),EN.POP.DNST,296.2875244,295.9350877,297.4001949
Tunisia,TUN,Population density (people per sq. km of land area),EN.POP.DNST,77.55737642,78.28091529,78.93245366
Turkiye,TUR,Population density (people per sq. km of land area),EN.POP.DNST,108.4698933,109.3193197,110.1508569
Tuvalu,TUV,Population density (people per sq. km of land area),EN.POP.DNST,365.2,368.9666667,373.4666667
Tanzania,TZA,Population density (people per sq. km of land area),EN.POP.DNST,67.59153195,69.65965003,71.78633326
Uganda,UGA,Population density (people per sq. km of land area),EN.POP.DNST,214.1885099,221.447292,228.6743367
Ukraine,UKR,Population density (people per sq. km of land area),EN.POP.DNST,76.60718502,76.16853469,75.58311184
Upper middle income,UMC,Population density (people per sq. km of land area),EN.POP.DNST,50.18328381,50.43319082,50.5947017
Uruguay,URY,Population density (people per sq. km of land area),EN.POP.DNST,19.58866987,19.592538,19.57639127
United States,USA,Population density (people per sq. km of land area),EN.POP.DNST,35.89317567,36.24098511,36.29783633
Uzbekistan,UZB,Population density (people per sq. km of land area),EN.POP.DNST,76.22283256,77.68535119,79.23490819
St. Vincent and the Grenadines,VCT,Population density (people per sq. km of land area),EN.POP.DNST,269.0358974,268.2871795,267.5179487
"Venezuela, RB",VEN,Population density (people per sq. km of land area),EN.POP.DNST,32.84585114,32.30026983,31.97082592
British Virgin Islands,VGB,Population density (people per sq. km of land area),EN.POP.DNST,204.0666667,206.0666667,207.48
Virgin Islands (U.S.),VIR,Population density (people per sq. km of land area),EN.POP.DNST,304.7685714,303.6857143,302.4857143
Viet Nam,VNM,Population density (people per sq. km of land area),EN.POP.DNST,305.5770717,308.3591021,310.9732316
Vanuatu,VUT,Population density (people per sq. km of land area),EN.POP.DNST,24.97161608,25.56890894,26.1802297
World,WLD,Population density (people per sq. km of land area),EN.POP.DNST,59.58509696,60.18934359,60.78210869
Samoa,WSM,Population density (people per sq. km of land area),EN.POP.DNST,76.22482014,77.31258993,78.69208633
Kosovo,XKX,Population density (people per sq. km of land area),EN.POP.DNST,,,
"Yemen, Rep.",YEM,Population density (people per sq. km of land area),EN.POP.DNST,59.75091577,61.1475008,62.46877853
South Africa,ZAF,Population density (people per sq. km of land area),EN.POP.DNST,47.88354945,48.47284785,48.95947951
Zambia,ZMB,Population density (people per sq. km of land area),EN.POP.DNST,24.72521422,25.46135272,26.19503222
Zimbabwe,ZWE,Population density (people per sq. km of land area),EN.POP.DNST,39.69137392,40.50579294,41.3429598